{
  "accuracy": [
    0.860462486743927,
    0.9284613132476807,
    0.9445047378540039,
    0.953011691570282,
    0.9624893069267273,
    0.9665429592132568,
    0.9686554670333862,
    0.9733942151069641,
    0.9730516672134399,
    0.9784755706787109,
    0.9792178273200989,
    0.981901228427887,
    0.9836140275001526,
    0.9832714796066284,
    0.9827576279640198
  ],
  "loss": [
    0.5564385652542114,
    0.3665219843387604,
    0.30887025594711304,
    0.27774667739868164,
    0.24696291983127594,
    0.23211601376533508,
    0.21779336035251617,
    0.20474684238433838,
    0.19974194467067719,
    0.18313732743263245,
    0.17503856122493744,
    0.16359126567840576,
    0.15792885422706604,
    0.15202750265598297,
    0.15536662936210632
  ],
  "val_accuracy": [
    0.7853333353996277,
    0.7885333299636841,
    0.9592000246047974,
    0.9413333535194397,
    0.9589333534240723,
    0.9514666795730591,
    0.9626666903495789,
    0.8597333431243896,
    0.9146666526794434,
    0.8469333052635193,
    0.9642666578292847,
    0.918666660785675,
    0.9189333319664001,
    0.972266674041748,
    0.9775999784469604
  ],
  "val_loss": [
    0.8979118466377258,
    0.6522915959358215,
    0.2669449746608734,
    0.28989270329475403,
    0.25608551502227783,
    0.2532936930656433,
    0.2376083880662918,
    0.4418817460536957,
    0.36046692728996277,
    0.6736859083175659,
    0.2027510106563568,
    0.3486609160900116,
    0.33263957500457764,
    0.17327582836151123,
    0.15843401849269867
  ],
  "learning_rate": [
    9.999999747378752e-05,
    9.999999747378752e-05,
    9.999999747378752e-05,
    9.999999747378752e-05,
    9.999999747378752e-05,
    9.999999747378752e-05,
    9.999999747378752e-05,
    9.999999747378752e-05,
    9.999999747378752e-05,
    9.999999747378752e-05,
    9.999999747378752e-05,
    9.999999747378752e-05,
    9.999999747378752e-05,
    9.999999747378752e-05,
    9.999999747378752e-05
  ]
}