{
  "accuracy": [
    0.7898285984992981,
    0.8604571223258972,
    0.8894285559654236,
    0.9018285870552063,
    0.9130856990814209,
    0.9173142910003662,
    0.9251999855041504,
    0.9278857111930847,
    0.9296571612358093,
    0.9354857206344604,
    0.941085696220398,
    0.9416571259498596,
    0.9467999935150146,
    0.946228563785553,
    0.9538285732269287,
    0.956514298915863,
    0.9567999839782715,
    0.9594285488128662,
    0.9621142745018005,
    0.9615428447723389,
    0.9637143015861511,
    0.9644571542739868,
    0.9653714299201965,
    0.9695428609848022,
    0.9695428609848022,
    0.9683428406715393,
    0.9711999893188477,
    0.9703428745269775,
    0.974057137966156,
    0.9744571447372437
  ],
  "loss": [
    0.48542091250419617,
    0.3287058472633362,
    0.2788253724575043,
    0.24890641868114471,
    0.21908046305179596,
    0.21186254918575287,
    0.19563625752925873,
    0.18536201119422913,
    0.17928989231586456,
    0.16731972992420197,
    0.1532604694366455,
    0.15210190415382385,
    0.13773919641971588,
    0.13725966215133667,
    0.12074632942676544,
    0.11334168910980225,
    0.11120886355638504,
    0.10489024221897125,
    0.09870722889900208,
    0.09781729429960251,
    0.0957011878490448,
    0.09305164963006973,
    0.08767138421535492,
    0.0792633444070816,
    0.07811061292886734,
    0.08020875602960587,
    0.07569652050733566,
    0.07695771753787994,
    0.06668360531330109,
    0.06689789146184921
  ],
  "val_accuracy": [
    0.8330666422843933,
    0.8327999711036682,
    0.9034666419029236,
    0.8999999761581421,
    0.9242666959762573,
    0.9312000274658203,
    0.9346666932106018,
    0.9416000247001648,
    0.9431999921798706,
    0.9269333481788635,
    0.9237333536148071,
    0.9525333046913147,
    0.9565333127975464,
    0.9466666579246521,
    0.9495999813079834,
    0.9287999868392944,
    0.9514666795730591,
    0.9501333236694336,
    0.9613333344459534,
    0.9597333073616028,
    0.960266649723053,
    0.9319999814033508,
    0.9642666578292847,
    0.95333331823349,
    0.9594666957855225,
    0.9658666849136353,
    0.9693333506584167,
    0.9525333046913147,
    0.9685333371162415,
    0.9688000082969666
  ],
  "val_loss": [
    0.39253130555152893,
    0.37482646107673645,
    0.2391391396522522,
    0.27190494537353516,
    0.20634081959724426,
    0.19265900552272797,
    0.17980293929576874,
    0.1555992066860199,
    0.16697414219379425,
    0.19479472935199738,
    0.19984614849090576,
    0.12538988888263702,
    0.12183412164449692,
    0.15657494962215424,
    0.1368209272623062,
    0.19825847446918488,
    0.120596744120121,
    0.11917739361524582,
    0.11220243573188782,
    0.11310109496116638,
    0.12075971812009811,
    0.1880345344543457,
    0.0863925963640213,
    0.12074759602546692,
    0.12213761359453201,
    0.09607408940792084,
    0.07715729624032974,
    0.1335064172744751,
    0.07787259668111801,
    0.07603444159030914
  ],
  "learning_rate": [
    0.0010000000474974513,
    0.0010000000474974513,
    0.0010000000474974513,
    0.0010000000474974513,
    0.0010000000474974513,
    0.0010000000474974513,
    0.0010000000474974513,
    0.0010000000474974513,
    0.0010000000474974513,
    0.0010000000474974513,
    0.0010000000474974513,
    0.0010000000474974513,
    0.0010000000474974513,
    0.0010000000474974513,
    0.0010000000474974513,
    0.0010000000474974513,
    0.0010000000474974513,
    0.0010000000474974513,
    0.0010000000474974513,
    0.0010000000474974513,
    0.0010000000474974513,
    0.0010000000474974513,
    0.0010000000474974513,
    0.0010000000474974513,
    0.0010000000474974513,
    0.0010000000474974513,
    0.0010000000474974513,
    0.0010000000474974513,
    0.0010000000474974513,
    0.0010000000474974513
  ]
}