{
  "accuracy": [
    0.8665714263916016,
    0.9332000017166138,
    0.9448000192642212,
    0.9559428691864014,
    0.9629142880439758,
    0.9669714570045471,
    0.9711999893188477,
    0.9734285473823547,
    0.9782857298851013,
    0.9778857231140137,
    0.9815999865531921,
    0.9905142784118652,
    0.9929142594337463,
    0.9930285811424255,
    0.9939428567886353,
    0.9936000108718872,
    0.9947428703308105,
    0.995371401309967,
    0.995199978351593,
    0.9954857230186462,
    0.9954285621643066,
    0.9978285431861877,
    0.9982285499572754,
    0.9978857040405273,
    0.9979428648948669,
    0.9982285499572754,
    0.998285710811615,
    0.9992571473121643,
    0.998628556728363,
    0.9983428716659546,
    0.9986857175827026,
    0.9985714554786682,
    0.9990285634994507,
    0.9988571405410767,
    0.998457133769989,
    0.9993143081665039,
    0.9985714554786682,
    0.9986857175827026,
    0.9989143013954163,
    0.9991428852081299
  ],
  "loss": [
    0.3964812159538269,
    0.2119559347629547,
    0.16054031252861023,
    0.12829187512397766,
    0.11112650483846664,
    0.09922707825899124,
    0.08513957262039185,
    0.07560113072395325,
    0.06286275386810303,
    0.06583189219236374,
    0.055903077125549316,
    0.029644440859556198,
    0.024320505559444427,
    0.022443855181336403,
    0.019216883927583694,
    0.02255946584045887,
    0.01746632531285286,
    0.016645386815071106,
    0.017434153705835342,
    0.016143199056386948,
    0.014129131101071835,
    0.008460561744868755,
    0.007406837772578001,
    0.0072487941943109035,
    0.007103627547621727,
    0.007302040234208107,
    0.006629229988902807,
    0.0043250094167888165,
    0.006530401296913624,
    0.006745163816958666,
    0.004940717946738005,
    0.005886646918952465,
    0.004728746134787798,
    0.005961565300822258,
    0.0060206144116818905,
    0.004875352140516043,
    0.005980778951197863,
    0.005329969804733992,
    0.004739195574074984,
    0.0038972075562924147
  ],
  "val_accuracy": [
    0.8496000170707703,
    0.862933337688446,
    0.8776000142097473,
    0.9562666416168213,
    0.8986666798591614,
    0.8738666772842407,
    0.9765333533287048,
    0.9733333587646484,
    0.9567999839782715,
    0.9450666904449463,
    0.8154666423797607,
    0.9656000137329102,
    0.9893333315849304,
    0.9959999918937683,
    0.9944000244140625,
    0.9925333261489868,
    0.9957333207130432,
    0.9959999918937683,
    0.9933333396911621,
    0.9949333071708679,
    0.9933333396911621,
    0.9973333477973938,
    0.9994666576385498,
    0.9991999864578247,
    0.9994666576385498,
    0.9973333477973938,
    0.9989333152770996,
    0.9991999864578247,
    0.9994666576385498,
    0.9994666576385498,
    0.9991999864578247,
    0.9994666576385498,
    0.9994666576385498,
    0.9994666576385498,
    0.9994666576385498,
    0.9994666576385498,
    0.9994666576385498,
    0.9994666576385498,
    0.9994666576385498,
    0.9994666576385498
  ],
  "val_loss": [
    0.45994582772254944,
    0.3949294090270996,
    0.2543293237686157,
    0.10796082019805908,
    0.260695219039917,
    0.3333396911621094,
    0.07774699479341507,
    0.08009646087884903,
    0.11025149375200272,
    0.14238056540489197,
    0.586391270160675,
    0.09341950714588165,
    0.03027375228703022,
    0.01191575638949871,
    0.01674373634159565,
    0.01973591186106205,
    0.010984656400978565,
    0.012314526364207268,
    0.01602589152753353,
    0.013131605461239815,
    0.015259538777172565,
    0.007839168421924114,
    0.0027968098875135183,
    0.003973985090851784,
    0.003821929218247533,
    0.0058026728220283985,
    0.00490931561216712,
    0.004002803470939398,
    0.0030665539670735598,
    0.003018550341948867,
    0.0031647461000829935,
    0.002991436282172799,
    0.003149984637275338,
    0.0028121727518737316,
    0.002551201032474637,
    0.0025987604167312384,
    0.0025018895976245403,
    0.002386222593486309,
    0.0024052634835243225,
    0.0024057580158114433
  ],
  "learning_rate": [
    9.999999747378752e-05,
    9.999999747378752e-05,
    9.999999747378752e-05,
    9.999999747378752e-05,
    9.999999747378752e-05,
    9.999999747378752e-05,
    9.999999747378752e-05,
    9.999999747378752e-05,
    9.999999747378752e-05,
    9.999999747378752e-05,
    9.999999747378752e-05,
    2.9999999242136255e-05,
    2.9999999242136255e-05,
    2.9999999242136255e-05,
    2.9999999242136255e-05,
    2.9999999242136255e-05,
    2.9999999242136255e-05,
    2.9999999242136255e-05,
    2.9999999242136255e-05,
    2.9999999242136255e-05,
    2.9999999242136255e-05,
    8.999999408842996e-06,
    8.999999408842996e-06,
    8.999999408842996e-06,
    8.999999408842996e-06,
    8.999999408842996e-06,
    8.999999408842996e-06,
    2.699999868127634e-06,
    2.699999868127634e-06,
    2.699999868127634e-06,
    2.699999868127634e-06,
    9.999999974752427e-07,
    9.999999974752427e-07,
    9.999999974752427e-07,
    9.999999974752427e-07,
    9.999999974752427e-07,
    9.999999974752427e-07,
    9.999999974752427e-07,
    9.999999974752427e-07,
    9.999999974752427e-07
  ]
}